Per√≠odo,Sorotipo,Casos,Ano,CasosExtrap,Porcentagem
2007-01,1,70,2007-06,17000.0,34.31
2007-01,2,19,2007-06,4614.0,9.31
2007-01,3,99,2007-06,24043.0,48.53
2007-01,4,16,2007-06,3886.0,7.84
2007-02,1,157,2007-06,38854.0,45.38
2007-02,2,29,2007-06,7177.0,8.38
2007-02,3,142,2007-06,35142.0,41.04
2007-02,4,18,2007-06,4455.0,5.2
2007-03,3,340,2007-06,60111.0,40.87
2007-03,4,52,2007-06,9193.0,6.25
2007-03,1,411,2007-06,72664.0,49.4
2007-03,2,29,2007-06,5127.0,3.49
2007-04,1,289,2007-06,83818.0,56.33
2007-04,2,26,2007-06,7541.0,5.07
2007-04,3,142,2007-06,41184.0,27.68
2007-04,4,56,2007-06,16242.0,10.92
2007-05,1,320,2007-06,69187.0,66.12
2007-05,2,23,2007-06,4973.0,4.75
2007-05,3,108,2007-06,23351.0,22.31
2007-05,4,33,2007-06,7135.0,6.82
2007-06,4,12,2007-06,1534.0,3.37
2007-06,1,198,2007-06,25314.0,55.62
2007-06,2,124,2007-06,15853.0,34.83
2007-06,3,22,2007-06,2813.0,6.18
2007-07,1,78,2007-06,17010.0,56.94
2007-07,2,29,2007-06,6324.0,21.17
2007-07,3,24,2007-06,5234.0,17.52
2007-07,4,6,2007-06,1308.0,4.38
2007-08,4,4,2007-06,1041.0,5.33
2007-08,3,15,2007-06,3903.0,20.0
2007-08,1,39,2007-06,10147.0,52.0
2007-08,2,17,2007-06,4423.0,22.67
2007-09,1,53,2007-06,8402.0,62.35
2007-09,2,19,2007-06,3012.0,22.35
2007-09,3,7,2007-06,1110.0,8.24
2007-09,4,6,2007-06,951.0,7.06
2007-10,1,69,2007-06,13678.0,71.14
2007-10,2,12,2007-06,2379.0,12.37
2007-10,3,8,2007-06,1586.0,8.25
2007-10,4,8,2007-06,1586.0,8.25
2007-11,4,1,2007-06,262.0,1.05
2007-11,3,21,2007-06,5492.0,22.11
2007-11,1,53,2007-06,13861.0,55.79
2007-11,2,20,2007-06,5231.0,21.05
2007-12,1,60,2007-06,17907.0,61.86
2007-12,2,11,2007-06,3283.0,11.34
2007-12,3,23,2007-06,6864.0,23.71
2007-12,4,3,2007-06,895.0,3.09
2009-01,1,32,2009-06,23524.0,60.38
2009-01,2,15,2009-06,11027.0,28.3
2009-01,3,2,2009-06,1470.0,3.77
2009-01,4,4,2009-06,2940.0,7.55
2009-02,4,6,2009-06,3003.0,4.32
2009-02,3,15,2009-06,7506.0,10.79
2009-02,1,80,2009-06,40033.0,57.55
2009-02,2,38,2009-06,19016.0,27.34
2009-03,1,202,2009-06,78454.0,58.72
2009-03,2,81,2009-06,31459.0,23.55
2009-03,3,49,2009-06,19031.0,14.24
2009-03,4,12,2009-06,4661.0,3.49
2009-04,1,242,2009-06,67221.0,61.27
2009-04,2,48,2009-06,13333.0,12.15
2009-04,3,93,2009-06,25833.0,23.54
2009-04,4,12,2009-06,3333.0,3.04
2009-05,4,7,2009-06,1628.0,2.24
2009-05,1,199,2009-06,46284.0,63.58
2009-05,2,39,2009-06,9071.0,12.46
2009-05,3,68,2009-06,15816.0,21.73
2009-06,1,80,2009-06,23487.0,69.57
2009-06,2,12,2009-06,3523.0,10.43
2009-06,3,18,2009-06,5284.0,15.65
2009-06,4,5,2009-06,1468.0,4.35
2009-07,1,41,2009-06,15827.0,80.39
2009-07,2,3,2009-06,1158.0,5.88
2009-07,3,4,2009-06,1544.0,7.84
2009-07,4,3,2009-06,1158.0,5.88
2009-08,4,3,2009-06,1395.0,10.34
2009-08,1,23,2009-06,10697.0,79.31
2009-08,2,3,2009-06,1395.0,10.34
2009-09,1,28,2009-06,8404.0,82.35
2009-09,2,4,2009-06,1201.0,11.77
2009-09,4,2,2009-06,600.0,5.88
2009-10,1,55,2009-06,10522.0,83.34
2009-10,2,10,2009-06,1913.0,15.15
2009-10,4,1,2009-06,191.0,1.51
2009-11,4,10,2009-06,1447.0,4.76
2009-11,1,178,2009-06,25762.0,84.76
2009-11,2,19,2009-06,2750.0,9.05
2009-11,3,3,2009-06,434.0,1.43
2009-12,1,480,2009-06,47537.0,85.11
2009-12,2,67,2009-06,6635.0,11.88
2009-12,3,6,2009-06,594.0,1.06
2009-12,4,11,2009-06,1089.0,1.95
2010-01,4,17,2010-06,2791.0,2.33
2010-01,3,17,2010-06,2791.0,2.33
2010-01,1,600,2010-06,98490.0,82.19
2010-01,2,96,2010-06,15758.0,13.15
2010-02,1,802,2010-06,153418.0,83.63
2010-02,2,123,2010-06,23529.0,12.83
2010-02,3,11,2010-06,2104.0,1.15
2010-02,4,23,2010-06,4400.0,2.4
2010-03,1,1260,2010-06,248060.0,85.25
2010-03,2,162,2010-06,31893.0,10.96
2010-03,3,19,2010-06,3741.0,1.29
2010-03,4,37,2010-06,7284.0,2.5
2010-04,4,17,2010-06,4652.0,1.84
2010-04,3,4,2010-06,1094.0,0.43
2010-04,1,813,2010-06,222453.0,87.89
2010-04,2,91,2010-06,24899.0,9.84
2010-05,1,645,2010-06,159773.0,81.85
2010-05,2,105,2010-06,26009.0,13.32
2010-05,3,15,2010-06,3716.0,1.9
2010-05,4,23,2010-06,5697.0,2.92
2010-06,1,286,2010-06,60104.0,70.62
2010-06,2,90,2010-06,18914.0,22.22
2010-06,3,2,2010-06,420.0,0.49
2010-06,4,27,2010-06,5674.0,6.67
2010-07,4,22,2010-06,3554.0,6.43
2010-07,3,8,2010-06,1292.0,2.34
2010-07,1,265,2010-06,42811.0,77.49
2010-07,2,47,2010-06,7593.0,13.74
2010-08,1,203,2010-06,33413.0,78.99
2010-08,2,26,2010-06,4279.0,10.12
2010-08,3,2,2010-06,329.0,0.78
2010-08,4,26,2010-06,4279.0,10.12
2010-09,1,99,2010-06,28105.0,83.9
2010-09,2,7,2010-06,1987.0,5.93
2010-09,3,2,2010-06,568.0,1.7
2010-09,4,10,2010-06,2839.0,8.47
2010-10,4,9,2010-06,3231.0,11.39
2010-10,1,58,2010-06,20823.0,73.42
2010-10,2,12,2010-06,4308.0,15.19
2010-11,1,117,2010-06,34170.0,89.31
2010-11,2,6,2010-06,1752.0,4.58
2010-11,3,2,2010-06,584.0,1.53
2010-11,4,6,2010-06,1752.0,4.58
2010-12,1,266,2010-06,49580.0,88.67
2010-12,2,11,2010-06,2050.0,3.67
2010-12,3,2,2010-06,373.0,0.67
2010-12,4,21,2010-06,3914.0,7.0
2011-01,4,46,2011-06,9883.0,10.5
2011-01,1,344,2011-06,73911.0,78.54
2011-01,2,42,2011-06,9024.0,9.59
2011-01,3,6,2011-06,1289.0,1.37
2011-02,1,622,2011-06,120543.0,78.54
2011-02,2,113,2011-06,21899.0,14.27
2011-02,3,10,2011-06,1938.0,1.26
2011-02,4,47,2011-06,9109.0,5.93
2011-03,4,61,2011-06,15247.0,6.98
2011-03,2,63,2011-06,15747.0,7.21
2011-03,1,730,2011-06,182468.0,83.52
2011-03,3,20,2011-06,4999.0,2.29
2011-04,1,996,2011-06,209621.0,88.85
2011-04,2,81,2011-06,17048.0,7.23
2011-04,3,4,2011-06,842.0,0.36
2011-04,4,40,2011-06,8419.0,3.57
2011-05,4,31,2011-06,7682.0,4.23
2011-05,3,4,2011-06,991.0,0.55
2011-05,2,51,2011-06,12639.0,6.96
2011-05,1,647,2011-06,160336.0,88.27
2011-06,1,202,2011-06,58732.0,81.12
2011-06,2,24,2011-06,6978.0,9.64
2011-06,4,23,2011-06,6687.0,9.24
2011-07,1,57,2011-06,24316.0,70.37
2011-07,2,5,2011-06,2133.0,6.17
2011-07,4,19,2011-06,8105.0,23.46
2011-08,4,20,2011-06,9022.0,32.79
2011-08,3,1,2011-06,451.0,1.64
2011-08,1,39,2011-06,17592.0,63.93
2011-08,2,1,2011-06,451.0,1.64
2011-09,4,9,2011-06,3524.0,15.0
2011-09,2,4,2011-06,1566.0,6.66
2011-09,1,47,2011-06,18405.0,78.33
2011-10,1,25,2011-06,21435.0,75.76
2011-10,4,8,2011-06,6859.0,24.24
2011-11,1,80,2011-06,30113.0,87.91
2011-11,2,3,2011-06,1129.0,3.3
2011-11,3,1,2011-06,376.0,1.1
2011-11,4,7,2011-06,2635.0,7.69
2011-12,3,1,2011-06,376.0,0.82
2011-12,4,33,2011-06,12406.0,27.05
2011-12,1,86,2011-06,32331.0,70.49
2011-12,2,2,2011-06,752.0,1.64
2012-01,1,138,2012-06,34734.0,49.82
2012-01,2,6,2012-06,1510.0,2.17
2012-01,3,2,2012-06,503.0,0.72
2012-01,4,131,2012-06,32972.0,47.29
2012-02,1,191,2012-06,35001.0,40.21
2012-02,2,12,2012-06,2199.0,2.53
2012-02,3,2,2012-06,367.0,0.42
2012-02,4,270,2012-06,49478.0,56.84
2012-03,4,440,2012-06,87448.0,60.11
2012-03,3,3,2012-06,596.0,0.41
2012-03,2,29,2012-06,5764.0,3.96
2012-03,1,260,2012-06,51674.0,35.52
2012-04,1,382,2012-06,79947.0,44.73
2012-04,2,50,2012-06,10464.0,5.85
2012-04,3,2,2012-06,419.0,0.23
2012-04,4,420,2012-06,87900.0,49.18
2012-05,1,240,2012-06,75867.0,40.2
2012-05,2,25,2012-06,7903.0,4.19
2012-05,3,1,2012-06,316.0,0.17
2012-05,4,331,2012-06,104633.0,55.44
2012-06,4,145,2012-06,49430.0,55.13
2012-06,2,4,2012-06,1364.0,1.52
2012-06,1,114,2012-06,38862.0,43.35
2012-07,1,75,2012-06,23636.0,49.67
2012-07,2,3,2012-06,945.0,1.99
2012-07,3,5,2012-06,1576.0,3.31
2012-07,4,68,2012-06,21430.0,45.03
2012-08,1,42,2012-06,15022.0,47.19
2012-08,2,2,2012-06,715.0,2.25
2012-08,3,3,2012-06,1073.0,3.37
2012-08,4,42,2012-06,15022.0,47.19
2012-09,1,32,2012-06,11077.0,53.33
2012-09,4,28,2012-06,9693.0,46.67
2012-10,1,20,2012-06,6510.0,29.41
2012-10,2,9,2012-06,2930.0,13.24
2012-10,3,1,2012-06,326.0,1.47
2012-10,4,38,2012-06,12370.0,55.88
2012-11,1,46,2012-06,10756.0,40.71
2012-11,2,14,2012-06,3274.0,12.39
2012-11,3,4,2012-06,935.0,3.54
2012-11,4,49,2012-06,11458.0,43.36
2012-12,4,128,2012-06,27316.0,61.54
2012-12,1,69,2012-06,14725.0,33.17
2012-12,2,9,2012-06,1921.0,4.33
2012-12,3,2,2012-06,427.0,0.96
2013-01,4,395,2013-06,82098.0,45.25
2013-01,1,441,2013-06,91659.0,50.52
2013-01,2,34,2013-06,7067.0,3.89
2013-01,3,3,2013-06,624.0,0.34
2013-02,4,536,2013-06,142370.0,48.95
2013-02,3,6,2013-06,1594.0,0.55
2013-02,2,20,2013-06,5312.0,1.83
2013-02,1,533,2013-06,141574.0,48.68
2013-03,1,782,2013-06,301456.0,57.12
2013-03,2,40,2013-06,15420.0,2.92
2013-03,3,4,2013-06,1542.0,0.29
2013-03,4,543,2013-06,209323.0,39.66
2013-04,4,356,2013-06,174249.0,32.33
2013-04,3,10,2013-06,4895.0,0.91
2013-04,1,708,2013-06,346539.0,64.31
2013-04,2,27,2013-06,13215.0,2.45
2013-05,1,300,2013-06,141365.0,61.48
2013-05,2,11,2013-06,5183.0,2.25
2013-05,3,3,2013-06,1414.0,0.61
2013-05,4,174,2013-06,81991.0,35.66
2013-06,1,135,2013-06,51600.0,57.45
2013-06,2,7,2013-06,2676.0,2.98
2013-06,3,1,2013-06,382.0,0.43
2013-06,4,92,2013-06,35165.0,39.15
2013-07,3,3,2013-06,726.0,1.55
2013-07,4,83,2013-06,20077.0,42.78
2013-07,1,104,2013-06,25157.0,53.61
2013-07,2,4,2013-06,968.0,2.06
2013-08,2,3,2013-06,1532.0,4.92
2013-08,4,19,2013-06,9706.0,31.15
2013-08,1,37,2013-06,18900.0,60.65
2013-08,3,2,2013-06,1022.0,3.28
2013-09,1,27,2013-06,16780.0,75.0
2013-09,2,1,2013-06,621.0,2.78
2013-09,3,1,2013-06,621.0,2.78
2013-09,4,7,2013-06,4350.0,19.44
2013-10,1,24,2013-06,15659.0,72.73
2013-10,4,9,2013-06,5872.0,27.27
2013-11,4,7,2013-06,7563.0,30.44
2013-11,1,13,2013-06,14045.0,56.52
2013-11,2,3,2013-06,3241.0,13.04
2013-12,1,36,2013-06,25213.0,85.71
2013-12,2,1,2013-06,700.0,2.38
2013-12,4,5,2013-06,3502.0,11.91
2014-01,1,177,2014-06,46375.0,85.1
2014-01,2,2,2014-06,524.0,0.96
2014-01,3,2,2014-06,524.0,0.96
2014-01,4,27,2014-06,7074.0,12.98
2014-02,3,3,2014-06,593.0,0.74
2014-02,4,83,2014-06,16404.0,20.44
2014-02,1,319,2014-06,63047.0,78.57
2014-02,2,1,2014-06,198.0,0.25
2014-03,1,455,2014-06,101254.0,87.0
2014-03,2,4,2014-06,890.0,0.76
2014-03,3,1,2014-06,223.0,0.19
2014-03,4,63,2014-06,14020.0,12.05
2014-04,1,449,2014-06,159820.0,73.13
2014-04,2,10,2014-06,3559.0,1.63
2014-04,4,155,2014-06,55172.0,25.24
2014-05,2,5,2014-06,1926.0,1.04
2014-05,1,347,2014-06,133647.0,71.84
2014-05,4,131,2014-06,50455.0,27.12
2014-06,1,166,2014-06,62157.0,72.17
2014-06,2,1,2014-06,374.0,0.43
2014-06,3,2,2014-06,749.0,0.87
2014-06,4,61,2014-06,22841.0,26.52
2014-07,4,39,2014-06,12933.0,26.53
2014-07,1,107,2014-06,35483.0,72.79
2014-07,2,1,2014-06,332.0,0.68
2014-08,4,18,2014-06,6898.0,21.43
2014-08,2,3,2014-06,1150.0,3.57
2014-08,1,62,2014-06,23759.0,73.81
2014-08,3,1,2014-06,383.0,1.19
2014-09,1,57,2014-06,25731.0,76.0
2014-09,2,1,2014-06,451.0,1.33
2014-09,3,3,2014-06,1354.0,4.0
2014-09,4,14,2014-06,6320.0,18.67
2014-10,1,74,2014-06,31978.0,87.06
2014-10,2,1,2014-06,432.0,1.18
2014-10,4,10,2014-06,4321.0,11.76
2014-11,4,4,2014-06,1983.0,5.88
2014-11,3,1,2014-06,496.0,1.47
2014-11,1,63,2014-06,31229.0,92.65
2014-12,1,94,2014-06,30282.0,86.24
2014-12,2,2,2014-06,644.0,1.83
2014-12,4,13,2014-06,4188.0,11.93
2015-01,3,1,2015-06,205.0,0.21
2015-01,4,25,2015-06,5131.0,5.29
2015-01,1,442,2015-06,90719.0,93.45
2015-01,2,5,2015-06,1026.0,1.06
2015-02,4,66,2015-06,19173.0,8.58
2015-02,1,693,2015-06,201315.0,90.12
2015-02,2,5,2015-06,1452.0,0.65
2015-02,3,5,2015-06,1452.0,0.65
2015-03,1,1225,2015-06,483049.0,92.59
2015-03,2,15,2015-06,5915.0,1.13
2015-03,3,1,2015-06,394.0,0.08
2015-03,4,82,2015-06,32335.0,6.2
2015-04,4,79,2015-06,48561.0,8.9
2015-04,2,9,2015-06,5532.0,1.01
2015-04,1,798,2015-06,490524.0,89.86
2015-04,3,2,2015-06,1229.0,0.23
2015-05,1,733,2015-06,354323.0,89.5
2015-05,2,6,2015-06,2900.0,0.73
2015-05,3,10,2015-06,4834.0,1.22
2015-05,4,70,2015-06,33837.0,8.55
2015-06,4,19,2015-06,7505.0,4.43
2015-06,1,405,2015-06,159985.0,94.41
2015-06,2,5,2015-06,1975.0,1.17
2015-07,3,1,2015-06,435.0,0.56
2015-07,4,5,2015-06,2176.0,2.81
2015-07,1,168,2015-06,73113.0,94.38
2015-07,2,4,2015-06,1741.0,2.25
2015-08,4,4,2015-06,2029.0,4.12
2015-08,2,3,2015-06,1522.0,3.09
2015-08,3,1,2015-06,507.0,1.03
2015-08,1,89,2015-06,45151.0,91.75
2015-09,1,50,2015-06,37764.0,90.91
2015-09,2,3,2015-06,2266.0,5.45
2015-09,4,2,2015-06,1511.0,3.64
2015-10,1,71,2015-06,43022.0,93.42
2015-10,2,1,2015-06,606.0,1.32
2015-10,3,2,2015-06,1212.0,2.63
2015-10,4,2,2015-06,1212.0,2.63
2015-11,4,5,2015-06,1156.0,1.46
2015-11,2,1,2015-06,231.0,0.29
2015-11,1,337,2015-06,77890.0,98.25
2015-12,1,226,2015-06,136675.0,92.62
2015-12,2,14,2015-06,8467.0,5.74
2015-12,4,4,2015-06,2419.0,1.64
2016-01,1,910,2016-06,290342.0,94.2
2016-01,2,17,2016-06,5424.0,1.76
2016-01,3,3,2016-06,957.0,0.31
2016-01,4,36,2016-06,11486.0,3.73
2016-02,4,36,2016-06,15879.0,2.96
2016-02,3,20,2016-06,8822.0,1.64
2016-02,2,41,2016-06,18085.0,3.37
2016-02,1,1121,2016-06,494459.0,92.04
2016-03,1,1049,2016-06,567418.0,93.49
2016-03,2,33,2016-06,17850.0,2.94
2016-03,3,16,2016-06,8655.0,1.43
2016-03,4,24,2016-06,12982.0,2.14
2016-04,1,511,2016-06,390117.0,92.24
2016-04,2,26,2016-06,19849.0,4.69
2016-04,3,2,2016-06,1527.0,0.36
2016-04,4,15,2016-06,11452.0,2.71
2016-05,4,3,2016-06,3173.0,1.69
2016-05,2,10,2016-06,10577.0,5.62
2016-05,1,163,2016-06,172413.0,91.57
2016-05,3,2,2016-06,2115.0,1.12
2016-06,1,53,2016-06,58043.0,82.81
2016-06,2,5,2016-06,5476.0,7.81
2016-06,3,3,2016-06,3285.0,4.69
2016-06,4,3,2016-06,3285.0,4.69
2016-07,1,21,2016-06,28924.0,80.77
2016-07,2,1,2016-06,1377.0,3.85
2016-07,4,4,2016-06,5509.0,15.38
2016-08,1,10,2016-06,24048.0,90.91
2016-08,4,1,2016-06,2405.0,9.09
2016-09,1,7,2016-06,12996.0,63.64
2016-09,2,1,2016-06,1857.0,9.09
2016-09,4,3,2016-06,5570.0,27.27
2016-10,1,8,2016-06,18493.0,80.0
2016-10,2,1,2016-06,2312.0,10.0
2016-10,4,1,2016-06,2312.0,10.0
2016-11,4,4,2016-06,7898.0,26.67
2016-11,1,10,2016-06,19744.0,66.67
2016-11,3,1,2016-06,1974.0,6.67
2016-12,4,7,2016-06,8701.0,25.0
2016-12,1,18,2016-06,22374.0,64.29
2016-12,2,3,2016-06,3729.0,10.71
2017-01,1,44,2017-06,31110.0,54.32
2017-01,2,11,2017-06,7777.0,13.58
2017-01,4,26,2017-06,18383.0,32.1
2017-02,3,1,2017-06,677.0,1.05
2017-02,4,5,2017-06,3385.0,5.26
2017-02,1,45,2017-06,30461.0,47.37
2017-02,2,44,2017-06,29784.0,46.32
2017-03,4,4,2017-06,4500.0,5.41
2017-03,1,45,2017-06,50626.0,60.81
2017-03,2,23,2017-06,25876.0,31.08
2017-03,3,2,2017-06,2250.0,2.7
2017-04,1,28,2017-06,27520.0,37.33
2017-04,2,43,2017-06,42262.0,57.33
2017-04,4,4,2017-06,3931.0,5.33
2017-05,4,8,2017-06,5198.0,7.84
2017-05,1,40,2017-06,25992.0,39.22
2017-05,2,54,2017-06,35089.0,52.94
2017-06,1,14,2017-06,17558.0,42.42
2017-06,2,18,2017-06,22574.0,54.55
2017-06,3,1,2017-06,1254.0,3.03
2017-07,1,14,2017-06,12718.0,58.33
2017-07,2,6,2017-06,5451.0,25.0
2017-07,3,2,2017-06,1817.0,8.33
2017-07,4,2,2017-06,1817.0,8.33
2017-08,4,1,2017-06,875.0,4.54
2017-08,1,20,2017-06,17504.0,90.91
2017-08,2,1,2017-06,875.0,4.54
2017-09,1,17,2017-06,17997.0,89.47
2017-09,3,2,2017-06,2117.0,10.53
2017-10,1,13,2017-06,23979.0,100.0
2017-11,1,11,2017-06,20976.0,91.67
2017-11,2,1,2017-06,1907.0,8.33
2017-12,1,10,2017-06,16365.0,66.67
2017-12,2,3,2017-06,4909.0,20.0
2017-12,3,1,2017-06,1636.0,6.66
2017-12,4,1,2017-06,1636.0,6.66
2018-01,4,1,2018-06,804.0,1.89
2018-01,1,22,2018-06,17684.0,41.51
2018-01,2,30,2018-06,24115.0,56.6
2018-02,1,39,2018-06,18438.0,41.05
2018-02,2,55,2018-06,26003.0,57.9
2018-02,4,1,2018-06,473.0,1.05
2018-03,1,67,2018-06,34364.0,56.78
2018-03,2,50,2018-06,25645.0,42.37
2018-03,4,1,2018-06,513.0,0.85
2018-04,4,1,2018-06,503.0,0.68
2018-04,1,68,2018-06,34193.0,45.95
2018-04,2,79,2018-06,39724.0,53.38
2018-05,1,55,2018-06,20697.0,31.61
2018-05,2,113,2018-06,42524.0,64.94
2018-05,3,1,2018-06,376.0,0.57
2018-05,4,5,2018-06,1882.0,2.87
2018-06,1,30,2018-06,18057.0,47.62
2018-06,2,31,2018-06,18659.0,49.21
2018-06,3,2,2018-06,1204.0,3.18
2018-07,4,2,2018-06,935.0,3.57
2018-07,2,27,2018-06,12623.0,48.21
2018-07,1,27,2018-06,12623.0,48.21
2018-08,1,31,2018-06,13821.0,64.58
2018-08,2,17,2018-06,7580.0,35.42
2018-09,1,13,2018-06,10156.0,61.9
2018-09,2,7,2018-06,5469.0,33.34
2018-09,4,1,2018-06,781.0,4.76
2018-10,1,33,2018-06,12537.0,57.9
2018-10,2,24,2018-06,9117.0,42.1
2018-11,3,1,2018-06,248.0,0.9
2018-11,2,65,2018-06,16112.0,58.56
2018-11,1,45,2018-06,11155.0,40.54
2018-12,1,45,2018-06,7477.0,18.07
2018-12,2,203,2018-06,33728.0,81.53
2018-12,4,1,2018-06,166.0,0.4
2019-01,1,259,2019-06,22260.0,22.58
2019-01,2,872,2019-06,74946.0,76.02
2019-01,3,2,2019-06,172.0,0.17
2019-01,4,14,2019-06,1203.0,1.22
2019-02,4,10,2019-06,1137.0,0.63
2019-02,3,1,2019-06,114.0,0.06
2019-02,2,1060,2019-06,120498.0,66.67
2019-02,1,519,2019-06,58999.0,32.64
2019-03,1,590,2019-06,94515.0,31.69
2019-03,2,1244,2019-06,199283.0,66.81
2019-03,4,28,2019-06,4485.0,1.5
2019-04,1,860,2019-06,147636.0,29.34
2019-04,2,1911,2019-06,328062.0,65.2
2019-04,3,4,2019-06,687.0,0.14
2019-04,4,156,2019-06,26781.0,5.32
2019-05,4,154,2019-06,32560.0,5.74
2019-05,2,1637,2019-06,346104.0,61.06
2019-05,1,889,2019-06,187957.0,33.16
2019-05,3,1,2019-06,211.0,0.04
2019-06,1,382,2019-06,110173.0,44.42
2019-06,2,452,2019-06,130362.0,52.56
2019-06,4,26,2019-06,7499.0,3.02
2019-07,1,236,2019-06,64081.0,57.0
2019-07,2,170,2019-06,46160.0,41.06
2019-07,3,1,2019-06,272.0,0.24
2019-07,4,7,2019-06,1901.0,1.69
2019-08,4,1,2019-06,262.0,0.43
2019-08,1,121,2019-06,31735.0,52.61
2019-08,2,107,2019-06,28063.0,46.52
2019-08,3,1,2019-06,262.0,0.43
2019-09,1,71,2019-06,23912.0,52.59
2019-09,2,62,2019-06,20881.0,45.93
2019-09,4,2,2019-06,674.0,1.48
2019-10,2,61,2019-06,21460.0,48.41
2019-10,4,1,2019-06,352.0,0.79
2019-10,1,64,2019-06,22516.0,50.79
2019-11,4,1,2019-06,169.0,0.36
2019-11,2,133,2019-06,22424.0,48.01
2019-11,1,143,2019-06,24110.0,51.62
2019-12,1,126,2019-06,16367.0,26.87
2019-12,2,343,2019-06,44555.0,73.13
2020-01,1,422,2020-06,34318.0,21.37
2020-01,2,1550,2020-06,126051.0,78.48
2020-01,4,3,2020-06,244.0,0.15
2020-02,1,423,2020-06,55056.0,19.02
2020-02,2,1790,2020-06,232978.0,80.49
2020-02,3,3,2020-06,390.0,0.13
2020-02,4,8,2020-06,1041.0,0.36
2020-03,4,10,2020-06,2303.0,0.74
2020-03,1,367,2020-06,84538.0,27.04
2020-03,2,980,2020-06,225742.0,72.22
2020-04,1,336,2020-06,97789.0,42.64
2020-04,2,446,2020-06,129804.0,56.6
2020-04,4,6,2020-06,1746.0,0.76
2020-05,1,219,2020-06,83523.0,50.23
2020-05,2,208,2020-06,79328.0,47.71
2020-05,4,9,2020-06,3432.0,2.06
2020-06,4,3,2020-06,1439.0,1.34
2020-06,2,76,2020-06,36464.0,33.93
2020-06,1,145,2020-06,69570.0,64.73
2020-07,1,77,2020-06,48182.0,70.64
2020-07,2,32,2020-06,20023.0,29.36
2020-08,1,23,2020-06,26802.0,74.19
2020-08,2,8,2020-06,9323.0,25.81
2020-09,1,11,2020-06,14091.0,47.83
2020-09,2,12,2020-06,15372.0,52.17
2020-10,2,8,2020-06,8352.0,32.0
2020-10,1,17,2020-06,17749.0,68.0
2020-11,1,20,2020-06,18226.0,64.52
2020-11,2,11,2020-06,10024.0,35.48
2020-12,1,45,2020-06,25387.0,73.77
2020-12,2,16,2020-06,9026.0,26.23
2021-01,1,105,2021-06,28780.0,57.38
2021-01,2,77,2021-06,21105.0,42.08
2021-01,3,1,2021-06,274.0,0.55
2021-02,4,2,2021-06,558.0,0.6
2021-02,2,165,2021-06,46074.0,49.85
2021-02,3,1,2021-06,279.0,0.3
2021-02,1,163,2021-06,45515.0,49.24
2021-03,1,280,2021-06,73032.0,47.78
2021-03,2,305,2021-06,79552.0,52.05
2021-03,4,1,2021-06,261.0,0.17
2021-04,1,522,2021-06,104183.0,58.26
2021-04,2,372,2021-06,74245.0,41.52
2021-04,4,2,2021-06,399.0,0.22
2021-05,4,5,2021-06,1118.0,0.74
2021-05,2,236,2021-06,52753.0,34.91
2021-05,1,435,2021-06,97235.0,64.35
2021-06,1,253,2021-06,57905.0,58.7
2021-06,2,178,2021-06,40740.0,41.3
2021-07,1,93,2021-06,25257.0,40.79
2021-07,2,135,2021-06,36663.0,59.21
2021-08,1,49,2021-06,24604.0,55.06
2021-08,2,40,2021-06,20084.0,44.94
2021-09,2,9,2021-06,6820.0,19.15
2021-09,1,38,2021-06,28793.0,80.85
2021-10,1,34,2021-06,23572.0,79.07
2021-10,2,7,2021-06,4853.0,16.28
2021-10,3,1,2021-06,693.0,2.32
2021-10,4,1,2021-06,693.0,2.32
2021-11,1,139,2021-06,35720.0,92.05
2021-11,2,12,2021-06,3084.0,7.95
2021-12,4,2,2021-06,216.0,0.29
2021-12,1,663,2021-06,71708.0,95.12
2021-12,2,32,2021-06,3461.0,4.59
2022-01,1,530,2022-06,41477.0,95.32
2022-01,2,24,2022-06,1878.0,4.32
2022-01,4,2,2022-06,157.0,0.36
2022-02,1,986,2022-06,65435.0,89.47
2022-02,2,113,2022-06,7499.0,10.25
2022-02,4,3,2022-06,199.0,0.27
2022-03,3,1,2022-06,58.0,0.03
2022-03,1,3649,2022-06,213315.0,92.85
2022-03,2,280,2022-06,16368.0,7.12
2022-04,4,4,2022-06,245.0,0.06
2022-04,3,1,2022-06,61.0,0.02
2022-04,2,675,2022-06,41393.0,10.96
2022-04,1,5478,2022-06,335929.0,88.96
2022-05,1,3610,2022-06,290652.0,85.91
2022-05,2,588,2022-06,47342.0,13.99
2022-05,3,2,2022-06,161.0,0.05
2022-05,4,2,2022-06,161.0,0.05
2022-06,1,945,2022-06,97139.0,74.94
2022-06,2,315,2022-06,32380.0,24.98
2022-06,4,1,2022-06,103.0,0.08
2022-07,4,1,2022-06,105.0,0.17
2022-07,1,390,2022-06,41033.0,65.0
2022-07,2,209,2022-06,21990.0,34.83
2022-08,1,284,2022-06,27363.0,68.11
2022-08,2,131,2022-06,12622.0,31.42
2022-08,4,2,2022-06,193.0,0.48
2022-09,1,185,2022-06,21677.0,87.68
2022-09,2,25,2022-06,2929.0,11.85
2022-09,4,1,2022-06,117.0,0.47
2022-10,4,1,2022-06,51.0,0.25
2022-10,1,380,2022-06,19421.0,94.06
2022-10,2,23,2022-06,1176.0,5.7
2022-11,1,940,2022-06,22777.0,95.14
2022-11,2,47,2022-06,1139.0,4.76
2022-11,4,1,2022-06,24.0,0.1
2022-12,1,811,2022-06,29010.0,94.85
2022-12,2,43,2022-06,1538.0,5.03
2022-12,4,1,2022-06,36.0,0.12
2023-01,3,1,2023-06,39.0,0.07
2023-01,2,167,2023-06,6594.0,11.65
2023-01,1,1265,2023-06,49952.0,88.28
2023-02,1,2529,2023-06,111584.0,90.58
2023-02,2,259,2023-06,11428.0,9.28
2023-02,3,1,2023-06,44.0,0.04
2023-02,4,3,2023-06,132.0,0.11
2023-03,1,6248,2023-06,275723.0,93.1
2023-03,2,454,2023-06,20035.0,6.77
2023-03,3,5,2023-06,221.0,0.07
2023-03,4,4,2023-06,177.0,0.06
2023-04,3,1,2023-06,39.0,0.01
2023-04,4,1,2023-06,39.0,0.01
2023-04,2,608,2023-06,23696.0,6.08
2023-04,1,9396,2023-06,366190.0,93.9
2023-05,1,7549,2023-06,277306.0,91.47
2023-05,2,701,2023-06,25751.0,8.49
2023-05,3,1,2023-06,37.0,0.01
2023-05,4,2,2023-06,73.0,0.02
2023-06,1,3588,2023-06,91265.0,87.71
2023-06,2,500,2023-06,12718.0,12.22
2023-06,3,3,2023-06,76.0,0.07
2023-07,4,1,2023-06,18.0,0.04
2023-07,3,2,2023-06,37.0,0.09
2023-07,2,498,2023-06,9125.0,21.85
2023-07,1,1778,2023-06,32580.0,78.02
2023-08,1,1047,2023-06,19244.0,68.7
2023-08,2,448,2023-06,8234.0,29.4
2023-08,3,28,2023-06,515.0,1.84
2023-08,4,1,2023-06,18.0,0.06
2023-09,1,414,2023-06,12549.0,58.72
2023-09,2,262,2023-06,7942.0,37.16
2023-09,3,29,2023-06,879.0,4.11
2023-10,3,6,2023-06,215.0,0.87
2023-10,2,230,2023-06,8254.0,33.38
2023-10,1,453,2023-06,16257.0,65.75
2023-11,1,1177,2023-06,27527.0,71.03
2023-11,2,460,2023-06,10758.0,27.76
2023-11,3,17,2023-06,398.0,1.03
2023-11,4,3,2023-06,70.0,0.18
2023-12,4,2,2023-06,44.0,0.05
2023-12,3,12,2023-06,264.0,0.31
2023-12,2,1287,2023-06,28291.0,33.35
2023-12,1,2558,2023-06,56230.0,66.29
2024-01,1,13988,2024-06,226743.0,64.31
2024-01,2,7662,2024-06,124200.0,35.22
2024-01,3,96,2024-06,1556.0,0.44
2024-01,4,6,2024-06,97.0,0.03
2024-02,4,11,2024-06,416.0,0.04
2024-02,3,159,2024-06,6009.0,0.59
2024-02,1,18888,2024-06,713868.0,69.79
2024-02,2,8007,2024-06,302623.0,29.58
2024-03,3,45,2024-06,6095.0,0.45
2024-03,4,8,2024-06,1084.0,0.08
2024-03,1,6501,2024-06,880578.0,65.5
2024-03,2,3371,2024-06,456611.0,33.96
2024-04,2,34,2024-06,38188.0,26.56
2024-04,1,94,2024-06,105577.0,73.44
